Employee_ID,Employee_Name,Designation,Salary
EMP0001,Employee_1,Senior Software Engineer,83278
EMP0002,Employee_2,Project Manager,122098
EMP0003,Employee_3,Data Scientist,88289
EMP0004,Employee_4,Senior Software Engineer,168696
EMP0005,Employee_5,DevOps Engineer,81395
EMP0006,Employee_6,QA Engineer,95302
EMP0007,Employee_7,Software Engineer,48905
EMP0008,Employee_8,Senior Software Engineer,108657
EMP0009,Employee_9,Data Scientist,136237
EMP0010,Employee_10,QA Engineer,43478
EMP0011,Employee_11,DevOps Engineer,96062
EMP0012,Employee_12,DevOps Engineer,124987
EMP0013,Employee_13,Data Scientist,128878
EMP0014,Employee_14,QA Engineer,76463
EMP0015,Employee_15,Software Engineer,65926
EMP0016,Employee_16,Accountant,57298
EMP0017,Employee_17,Project Manager,110379
EMP0018,Employee_18,Data Scientist,195463
EMP0019,Employee_19,HR Executive,36698
EMP0020,Employee_20,Senior Software Engineer,129797
EMP0021,Employee_21,Senior Software Engineer,127052
EMP0022,Employee_22,HR Executive,69565
EMP0023,Employee_23,Project Manager,195791
EMP0024,Employee_24,Software Engineer,105217
EMP0025,Employee_25,DevOps Engineer,86361
EMP0026,Employee_26,Accountant,40164
EMP0027,Employee_27,DevOps Engineer,108427
EMP0028,Employee_28,QA Engineer,87400
EMP0029,Employee_29,QA Engineer,65203
EMP0030,Employee_30,Senior Software Engineer,86006
EMP0031,Employee_31,Data Scientist,171327
EMP0032,Employee_32,Project Manager,219134
EMP0033,Employee_33,Senior Software Engineer,110512
EMP0034,Employee_34,Senior Software Engineer,129823
EMP0035,Employee_35,Project Manager,149429
EMP0036,Employee_36,HR Executive,40659
EMP0037,Employee_37,HR Executive,53283
EMP0038,Employee_38,Data Scientist,157841
EMP0039,Employee_39,Project Manager,181988
EMP0040,Employee_40,Senior Software Engineer,159840
EMP0041,Employee_41,Data Analyst,75005
EMP0042,Employee_42,Data Scientist,91417
EMP0043,Employee_43,Business Analyst,99735
EMP0044,Employee_44,Project Manager,219698
EMP0045,Employee_45,DevOps Engineer,98785
EMP0046,Employee_46,HR Executive,33665
EMP0047,Employee_47,Data Scientist,177715
EMP0048,Employee_48,Software Engineer,86347
EMP0049,Employee_49,Accountant,52546
EMP0050,Employee_50,Senior Software Engineer,107653
EMP0051,Employee_51,QA Engineer,81245
EMP0052,Employee_52,Data Scientist,155909
EMP0053,Employee_53,Business Analyst,101856
EMP0054,Employee_54,Business Analyst,68726
EMP0055,Employee_55,Project Manager,108301
EMP0056,Employee_56,Data Scientist,167647
EMP0057,Employee_57,DevOps Engineer,140644
EMP0058,Employee_58,Project Manager,187912
EMP0059,Employee_59,QA Engineer,96155
EMP0060,Employee_60,QA Engineer,92350
EMP0061,Employee_61,HR Executive,44373
EMP0062,Employee_62,Data Analyst,73392
EMP0063,Employee_63,Business Analyst,61915
EMP0064,Employee_64,Software Engineer,59371
EMP0065,Employee_65,Data Analyst,81120
EMP0066,Employee_66,Data Analyst,91909
EMP0067,Employee_67,Accountant,74086
EMP0068,Employee_68,Senior Software Engineer,130432
EMP0069,Employee_69,Accountant,74052
EMP0070,Employee_70,Business Analyst,119352
EMP0071,Employee_71,Project Manager,217281
EMP0072,Employee_72,DevOps Engineer,71504
EMP0073,Employee_73,Senior Software Engineer,169353
EMP0074,Employee_74,DevOps Engineer,168419
EMP0075,Employee_75,Project Manager,190741
EMP0076,Employee_76,HR Executive,37310
EMP0077,Employee_77,Project Manager,146985
EMP0078,Employee_78,Data Analyst,69735
EMP0079,Employee_79,Software Engineer,79522
EMP0080,Employee_80,DevOps Engineer,169871
EMP0081,Employee_81,Data Analyst,73271
EMP0082,Employee_82,Senior Software Engineer,161959
EMP0083,Employee_83,Project Manager,200319
EMP0084,Employee_84,DevOps Engineer,149818
EMP0085,Employee_85,Data Scientist,90032
EMP0086,Employee_86,HR Executive,79971
EMP0087,Employee_87,Data Analyst,75348
EMP0088,Employee_88,DevOps Engineer,70074
EMP0089,Employee_89,QA Engineer,82487
EMP0090,Employee_90,Business Analyst,52552
EMP0091,Employee_91,Senior Software Engineer,127576
EMP0092,Employee_92,Project Manager,121385
EMP0093,Employee_93,Software Engineer,76571
EMP0094,Employee_94,QA Engineer,50322
EMP0095,Employee_95,Senior Software Engineer,175932
EMP0096,Employee_96,Business Analyst,59071
EMP0097,Employee_97,DevOps Engineer,170379
EMP0098,Employee_98,Data Analyst,48414
EMP0099,Employee_99,Business Analyst,122063
EMP0100,Employee_100,Data Analyst,57370
EMP0101,Employee_101,DevOps Engineer,149507
EMP0102,Employee_102,Accountant,48880
EMP0103,Employee_103,DevOps Engineer,168994
EMP0104,Employee_104,Data Scientist,163447
EMP0105,Employee_105,Project Manager,142296
EMP0106,Employee_106,HR Executive,58711
EMP0107,Employee_107,DevOps Engineer,129177
EMP0108,Employee_108,Senior Software Engineer,112493
EMP0109,Employee_109,Data Scientist,78392
EMP0110,Employee_110,HR Executive,31378
EMP0111,Employee_111,QA Engineer,70161
EMP0112,Employee_112,QA Engineer,68864
EMP0113,Employee_113,Software Engineer,54305
EMP0114,Employee_114,Software Engineer,75007
EMP0115,Employee_115,Senior Software Engineer,84117
EMP0116,Employee_116,HR Executive,34643
EMP0117,Employee_117,DevOps Engineer,101195
EMP0118,Employee_118,Project Manager,177684
EMP0119,Employee_119,Business Analyst,78080
EMP0120,Employee_120,DevOps Engineer,87342
EMP0121,Employee_121,QA Engineer,101953
EMP0122,Employee_122,Data Scientist,172841
EMP0123,Employee_123,Business Analyst,103354
EMP0124,Employee_124,Data Scientist,82363
EMP0125,Employee_125,Senior Software Engineer,166374
EMP0126,Employee_126,Accountant,58219
EMP0127,Employee_127,Accountant,61941
EMP0128,Employee_128,Business Analyst,57100
EMP0129,Employee_129,Senior Software Engineer,87944
EMP0130,Employee_130,Accountant,82724
EMP0131,Employee_131,HR Executive,37161
EMP0132,Employee_132,Data Scientist,95112
EMP0133,Employee_133,Data Scientist,140292
EMP0134,Employee_134,Business Analyst,68373
EMP0135,Employee_135,Accountant,47025
EMP0136,Employee_136,Project Manager,150637
EMP0137,Employee_137,Data Scientist,184620
EMP0138,Employee_138,Senior Software Engineer,138082
EMP0139,Employee_139,DevOps Engineer,82833
EMP0140,Employee_140,Software Engineer,115855
EMP0141,Employee_141,Software Engineer,57224
EMP0142,Employee_142,Data Scientist,91798
EMP0143,Employee_143,Accountant,66826
EMP0144,Employee_144,Business Analyst,78016
EMP0145,Employee_145,Accountant,38842
EMP0146,Employee_146,Data Analyst,64836
EMP0147,Employee_147,Software Engineer,96173
EMP0148,Employee_148,Project Manager,211440
EMP0149,Employee_149,Business Analyst,87388
EMP0150,Employee_150,Accountant,80651
EMP0151,Employee_151,DevOps Engineer,156752
EMP0152,Employee_152,Business Analyst,70289
EMP0153,Employee_153,Data Scientist,108890
EMP0154,Employee_154,Data Scientist,196970
EMP0155,Employee_155,Software Engineer,116066
EMP0156,Employee_156,Software Engineer,86104
EMP0157,Employee_157,Software Engineer,51572
EMP0158,Employee_158,QA Engineer,102493
EMP0159,Employee_159,DevOps Engineer,139615
EMP0160,Employee_160,Data Analyst,43727
EMP0161,Employee_161,DevOps Engineer,80500
EMP0162,Employee_162,Data Analyst,44490
EMP0163,Employee_163,QA Engineer,48907
EMP0164,Employee_164,Data Scientist,122923
EMP0165,Employee_165,Senior Software Engineer,154668
EMP0166,Employee_166,Data Scientist,145880
EMP0167,Employee_167,QA Engineer,45209
EMP0168,Employee_168,QA Engineer,50745
EMP0169,Employee_169,Accountant,78081
EMP0170,Employee_170,QA Engineer,108522
EMP0171,Employee_171,HR Executive,47089
EMP0172,Employee_172,Data Scientist,157782
EMP0173,Employee_173,HR Executive,45642
EMP0174,Employee_174,Project Manager,141876
EMP0175,Employee_175,Data Analyst,84019
EMP0176,Employee_176,Project Manager,149929
EMP0177,Employee_177,HR Executive,79274
EMP0178,Employee_178,Senior Software Engineer,81220
EMP0179,Employee_179,Business Analyst,131416
EMP0180,Employee_180,QA Engineer,53104
EMP0181,Employee_181,Senior Software Engineer,150468
EMP0182,Employee_182,Data Scientist,136307
EMP0183,Employee_183,Project Manager,107361
EMP0184,Employee_184,HR Executive,34508
EMP0185,Employee_185,Data Scientist,118434
EMP0186,Employee_186,Project Manager,110676
EMP0187,Employee_187,Business Analyst,121200
EMP0188,Employee_188,Project Manager,170173
EMP0189,Employee_189,DevOps Engineer,71025
EMP0190,Employee_190,DevOps Engineer,109240
EMP0191,Employee_191,Senior Software Engineer,97601
EMP0192,Employee_192,Project Manager,105129
EMP0193,Employee_193,Senior Software Engineer,177310
EMP0194,Employee_194,DevOps Engineer,90374
EMP0195,Employee_195,Project Manager,126930
EMP0196,Employee_196,QA Engineer,67607
EMP0197,Employee_197,HR Executive,43342
EMP0198,Employee_198,Project Manager,156244
EMP0199,Employee_199,Business Analyst,82914
EMP0200,Employee_200,Software Engineer,57097
EMP0201,Employee_201,Accountant,89352
EMP0202,Employee_202,Project Manager,95778
EMP0203,Employee_203,Software Engineer,88719
EMP0204,Employee_204,Data Analyst,81753
EMP0205,Employee_205,Project Manager,111178
EMP0206,Employee_206,Business Analyst,122309
EMP0207,Employee_207,Accountant,71759
EMP0208,Employee_208,Software Engineer,59663
EMP0209,Employee_209,Senior Software Engineer,170573
EMP0210,Employee_210,Data Analyst,75755
EMP0211,Employee_211,Software Engineer,93393
EMP0212,Employee_212,QA Engineer,59410
EMP0213,Employee_213,Accountant,43352
EMP0214,Employee_214,Software Engineer,85404
EMP0215,Employee_215,HR Executive,32614
EMP0216,Employee_216,HR Executive,43767
EMP0217,Employee_217,Data Scientist,157416
EMP0218,Employee_218,Senior Software Engineer,126357
EMP0219,Employee_219,DevOps Engineer,123264
EMP0220,Employee_220,QA Engineer,60257
EMP0221,Employee_221,Data Scientist,183325
EMP0222,Employee_222,Data Analyst,92421
EMP0223,Employee_223,Data Analyst,97764
EMP0224,Employee_224,Accountant,36624
EMP0225,Employee_225,Data Analyst,88271
EMP0226,Employee_226,HR Executive,56982
EMP0227,Employee_227,Data Scientist,104970
EMP0228,Employee_228,Data Analyst,91601
EMP0229,Employee_229,Senior Software Engineer,130140
EMP0230,Employee_230,Software Engineer,106694
EMP0231,Employee_231,Data Scientist,96158
EMP0232,Employee_232,Business Analyst,95830
EMP0233,Employee_233,Project Manager,197549
EMP0234,Employee_234,Data Scientist,99219
EMP0235,Employee_235,Software Engineer,70313
EMP0236,Employee_236,Accountant,56512
EMP0237,Employee_237,Project Manager,203292
EMP0238,Employee_238,Senior Software Engineer,116585
EMP0239,Employee_239,HR Executive,72040
EMP0240,Employee_240,DevOps Engineer,122386
EMP0241,Employee_241,DevOps Engineer,113404
EMP0242,Employee_242,Software Engineer,60118
EMP0243,Employee_243,Project Manager,113405
EMP0244,Employee_244,QA Engineer,74795
EMP0245,Employee_245,Software Engineer,59208
EMP0246,Employee_246,QA Engineer,96959
EMP0247,Employee_247,HR Executive,77745
EMP0248,Employee_248,HR Executive,58599
EMP0249,Employee_249,QA Engineer,107033
EMP0250,Employee_250,Senior Software Engineer,130488
EMP0251,Employee_251,QA Engineer,64914
EMP0252,Employee_252,Project Manager,95817
EMP0253,Employee_253,Accountant,35110
EMP0254,Employee_254,DevOps Engineer,175710
EMP0255,Employee_255,DevOps Engineer,160027
EMP0256,Employee_256,Data Scientist,117739
EMP0257,Employee_257,Accountant,39585
EMP0258,Employee_258,HR Executive,70839
EMP0259,Employee_259,HR Executive,73475
EMP0260,Employee_260,Senior Software Engineer,174339
EMP0261,Employee_261,Project Manager,156469
EMP0262,Employee_262,Project Manager,177410
EMP0263,Employee_263,Accountant,56376
EMP0264,Employee_264,Accountant,80692
EMP0265,Employee_265,Project Manager,162667
EMP0266,Employee_266,Data Analyst,52572
EMP0267,Employee_267,Accountant,78576
EMP0268,Employee_268,Accountant,79388
EMP0269,Employee_269,Data Analyst,80338
EMP0270,Employee_270,QA Engineer,79446
EMP0271,Employee_271,Accountant,70909
EMP0272,Employee_272,Software Engineer,84829
EMP0273,Employee_273,Project Manager,117549
EMP0274,Employee_274,Accountant,86495
EMP0275,Employee_275,QA Engineer,82237
EMP0276,Employee_276,Business Analyst,107905
EMP0277,Employee_277,Business Analyst,138555
EMP0278,Employee_278,Data Scientist,137000
EMP0279,Employee_279,Business Analyst,72241
EMP0280,Employee_280,Senior Software Engineer,117196
EMP0281,Employee_281,DevOps Engineer,157012
EMP0282,Employee_282,QA Engineer,83933
EMP0283,Employee_283,Senior Software Engineer,178453
EMP0284,Employee_284,Data Scientist,158184
EMP0285,Employee_285,Project Manager,119444
EMP0286,Employee_286,Data Scientist,89313
EMP0287,Employee_287,Software Engineer,51057
EMP0288,Employee_288,Data Scientist,198966
EMP0289,Employee_289,Business Analyst,130120
EMP0290,Employee_290,Senior Software Engineer,139692
EMP0291,Employee_291,Accountant,76272
EMP0292,Employee_292,QA Engineer,65485
EMP0293,Employee_293,Accountant,67399
EMP0294,Employee_294,Accountant,50989
EMP0295,Employee_295,Data Analyst,82995
EMP0296,Employee_296,Software Engineer,58970
EMP0297,Employee_297,Accountant,49341
EMP0298,Employee_298,Data Analyst,92698
EMP0299,Employee_299,DevOps Engineer,130889
EMP0300,Employee_300,Software Engineer,118060
EMP0301,Employee_301,Data Scientist,190254
EMP0302,Employee_302,Senior Software Engineer,139829
EMP0303,Employee_303,Data Analyst,92521
EMP0304,Employee_304,Business Analyst,137500
EMP0305,Employee_305,DevOps Engineer,143259
EMP0306,Employee_306,QA Engineer,81588
EMP0307,Employee_307,Business Analyst,130301
EMP0308,Employee_308,DevOps Engineer,125933
EMP0309,Employee_309,DevOps Engineer,128446
EMP0310,Employee_310,Data Analyst,88736
EMP0311,Employee_311,Business Analyst,108991
EMP0312,Employee_312,Project Manager,188536
EMP0313,Employee_313,Data Scientist,180082
EMP0314,Employee_314,Project Manager,190376
EMP0315,Employee_315,DevOps Engineer,133517
EMP0316,Employee_316,Data Scientist,105992
EMP0317,Employee_317,Business Analyst,60155
EMP0318,Employee_318,Project Manager,120735
EMP0319,Employee_319,Project Manager,134020
EMP0320,Employee_320,HR Executive,65399
EMP0321,Employee_321,Senior Software Engineer,98136
EMP0322,Employee_322,Data Analyst,55155
EMP0323,Employee_323,Accountant,80478
EMP0324,Employee_324,Data Analyst,86295
EMP0325,Employee_325,Data Scientist,78418
EMP0326,Employee_326,Accountant,61712
EMP0327,Employee_327,HR Executive,65560
EMP0328,Employee_328,Business Analyst,104496
EMP0329,Employee_329,Software Engineer,72110
EMP0330,Employee_330,Accountant,60524
EMP0331,Employee_331,QA Engineer,42560
EMP0332,Employee_332,QA Engineer,89857
EMP0333,Employee_333,Business Analyst,50772
EMP0334,Employee_334,HR Executive,49569
EMP0335,Employee_335,Accountant,89770
EMP0336,Employee_336,Accountant,70272
EMP0337,Employee_337,DevOps Engineer,174840
EMP0338,Employee_338,QA Engineer,68906
EMP0339,Employee_339,Business Analyst,78760
EMP0340,Employee_340,Project Manager,147125
EMP0341,Employee_341,Business Analyst,53804
EMP0342,Employee_342,Accountant,57028
EMP0343,Employee_343,Accountant,82459
EMP0344,Employee_344,Data Analyst,95083
EMP0345,Employee_345,Business Analyst,66728
EMP0346,Employee_346,QA Engineer,43534
EMP0347,Employee_347,Accountant,73790
EMP0348,Employee_348,QA Engineer,43552
EMP0349,Employee_349,Senior Software Engineer,164246
EMP0350,Employee_350,Accountant,43893
EMP0351,Employee_351,Business Analyst,73819
EMP0352,Employee_352,Software Engineer,79099
EMP0353,Employee_353,Accountant,56453
EMP0354,Employee_354,Data Scientist,129598
EMP0355,Employee_355,HR Executive,52118
EMP0356,Employee_356,Accountant,53235
EMP0357,Employee_357,Accountant,51532
EMP0358,Employee_358,Senior Software Engineer,141644
EMP0359,Employee_359,Software Engineer,115702
EMP0360,Employee_360,Software Engineer,90870
EMP0361,Employee_361,Data Scientist,155215
EMP0362,Employee_362,Senior Software Engineer,165426
EMP0363,Employee_363,Software Engineer,49067
EMP0364,Employee_364,Data Scientist,96130
EMP0365,Employee_365,Software Engineer,64973
EMP0366,Employee_366,Data Scientist,86544
EMP0367,Employee_367,Business Analyst,137747
EMP0368,Employee_368,Senior Software Engineer,153920
EMP0369,Employee_369,Data Scientist,130952
EMP0370,Employee_370,Project Manager,190518
EMP0371,Employee_371,HR Executive,40996
EMP0372,Employee_372,QA Engineer,55012
EMP0373,Employee_373,Data Analyst,60384
EMP0374,Employee_374,Senior Software Engineer,155849
EMP0375,Employee_375,Software Engineer,85888
EMP0376,Employee_376,QA Engineer,89192
EMP0377,Employee_377,Accountant,81859
EMP0378,Employee_378,Data Scientist,79961
EMP0379,Employee_379,QA Engineer,71830
EMP0380,Employee_380,Senior Software Engineer,171382
EMP0381,Employee_381,Project Manager,201449
EMP0382,Employee_382,QA Engineer,55866
EMP0383,Employee_383,QA Engineer,45383
EMP0384,Employee_384,HR Executive,64913
EMP0385,Employee_385,Accountant,78353
EMP0386,Employee_386,HR Executive,34519
EMP0387,Employee_387,DevOps Engineer,154874
EMP0388,Employee_388,HR Executive,30829
EMP0389,Employee_389,Accountant,88892
EMP0390,Employee_390,Business Analyst,63833
EMP0391,Employee_391,Accountant,58736
EMP0392,Employee_392,Business Analyst,70052
EMP0393,Employee_393,Accountant,46543
EMP0394,Employee_394,DevOps Engineer,155256
EMP0395,Employee_395,Project Manager,170728
EMP0396,Employee_396,DevOps Engineer,171533
EMP0397,Employee_397,Business Analyst,110931
EMP0398,Employee_398,Accountant,89115
EMP0399,Employee_399,QA Engineer,75179
EMP0400,Employee_400,HR Executive,46088
EMP0401,Employee_401,Senior Software Engineer,116559
EMP0402,Employee_402,Business Analyst,81963
EMP0403,Employee_403,Business Analyst,124691
EMP0404,Employee_404,QA Engineer,89674
EMP0405,Employee_405,HR Executive,31880
EMP0406,Employee_406,Business Analyst,92600
EMP0407,Employee_407,Data Analyst,71952
EMP0408,Employee_408,Data Scientist,116507
EMP0409,Employee_409,Project Manager,134608
EMP0410,Employee_410,Project Manager,205385
EMP0411,Employee_411,QA Engineer,76211
EMP0412,Employee_412,DevOps Engineer,71330
EMP0413,Employee_413,DevOps Engineer,95042
EMP0414,Employee_414,Senior Software Engineer,111635
EMP0415,Employee_415,Accountant,67019
EMP0416,Employee_416,DevOps Engineer,169374
EMP0417,Employee_417,Data Scientist,160519
EMP0418,Employee_418,Business Analyst,134659
EMP0419,Employee_419,Business Analyst,108743
EMP0420,Employee_420,Software Engineer,57196
EMP0421,Employee_421,Project Manager,119045
EMP0422,Employee_422,Accountant,80336
EMP0423,Employee_423,Data Scientist,110135
EMP0424,Employee_424,QA Engineer,88368
EMP0425,Employee_425,Business Analyst,122544
EMP0426,Employee_426,DevOps Engineer,115056
EMP0427,Employee_427,Accountant,83885
EMP0428,Employee_428,DevOps Engineer,113357
EMP0429,Employee_429,HR Executive,76062
EMP0430,Employee_430,Business Analyst,85509
EMP0431,Employee_431,Project Manager,122951
EMP0432,Employee_432,Data Scientist,85814
EMP0433,Employee_433,Data Scientist,111359
EMP0434,Employee_434,Senior Software Engineer,177370
EMP0435,Employee_435,DevOps Engineer,169901
EMP0436,Employee_436,Data Analyst,52552
EMP0437,Employee_437,Data Scientist,166810
EMP0438,Employee_438,Business Analyst,86241
EMP0439,Employee_439,QA Engineer,108765
EMP0440,Employee_440,QA Engineer,77093
EMP0441,Employee_441,Senior Software Engineer,105443
EMP0442,Employee_442,Project Manager,119816
EMP0443,Employee_443,HR Executive,41759
EMP0444,Employee_444,Project Manager,91854
EMP0445,Employee_445,DevOps Engineer,86591
EMP0446,Employee_446,Project Manager,95965
EMP0447,Employee_447,Software Engineer,117529
EMP0448,Employee_448,Project Manager,181411
EMP0449,Employee_449,Data Analyst,81803
EMP0450,Employee_450,Business Analyst,63446
EMP0451,Employee_451,Software Engineer,82268
EMP0452,Employee_452,Business Analyst,112746
EMP0453,Employee_453,Business Analyst,94657
EMP0454,Employee_454,Data Analyst,43367
EMP0455,Employee_455,Project Manager,213347
EMP0456,Employee_456,Business Analyst,64953
EMP0457,Employee_457,Senior Software Engineer,132521
EMP0458,Employee_458,Business Analyst,59710
EMP0459,Employee_459,QA Engineer,47026
EMP0460,Employee_460,Data Analyst,49777
EMP0461,Employee_461,QA Engineer,79824
EMP0462,Employee_462,Senior Software Engineer,112530
EMP0463,Employee_463,Senior Software Engineer,153147
EMP0464,Employee_464,Accountant,74735
EMP0465,Employee_465,QA Engineer,69581
EMP0466,Employee_466,DevOps Engineer,119856
EMP0467,Employee_467,Business Analyst,108028
EMP0468,Employee_468,Project Manager,202743
EMP0469,Employee_469,QA Engineer,96207
EMP0470,Employee_470,Project Manager,164531
EMP0471,Employee_471,QA Engineer,47894
EMP0472,Employee_472,QA Engineer,53006
EMP0473,Employee_473,Data Scientist,151987
EMP0474,Employee_474,Data Scientist,104687
EMP0475,Employee_475,Senior Software Engineer,100585
EMP0476,Employee_476,Data Scientist,92782
EMP0477,Employee_477,DevOps Engineer,79838
EMP0478,Employee_478,Data Analyst,40175
EMP0479,Employee_479,Accountant,64524
EMP0480,Employee_480,QA Engineer,101592
EMP0481,Employee_481,Project Manager,94278
EMP0482,Employee_482,Data Scientist,107762
EMP0483,Employee_483,Project Manager,182141
EMP0484,Employee_484,Business Analyst,59329
EMP0485,Employee_485,Data Scientist,191098
EMP0486,Employee_486,Project Manager,193262
EMP0487,Employee_487,QA Engineer,65928
EMP0488,Employee_488,Accountant,42521
EMP0489,Employee_489,DevOps Engineer,99466
EMP0490,Employee_490,Data Analyst,99533
EMP0491,Employee_491,Project Manager,198348
EMP0492,Employee_492,Data Analyst,44679
EMP0493,Employee_493,Software Engineer,66747
EMP0494,Employee_494,Project Manager,167993
EMP0495,Employee_495,QA Engineer,77828
EMP0496,Employee_496,Business Analyst,66299
EMP0497,Employee_497,Business Analyst,89857
EMP0498,Employee_498,Accountant,52841
EMP0499,Employee_499,DevOps Engineer,140776
EMP0500,Employee_500,Business Analyst,107377
EMP0501,Employee_501,Senior Software Engineer,158385
EMP0502,Employee_502,Software Engineer,101626
EMP0503,Employee_503,HR Executive,69564
EMP0504,Employee_504,Project Manager,93390
EMP0505,Employee_505,Senior Software Engineer,110005
EMP0506,Employee_506,QA Engineer,42719
EMP0507,Employee_507,Project Manager,165529
EMP0508,Employee_508,Software Engineer,67962
EMP0509,Employee_509,Business Analyst,118021
EMP0510,Employee_510,Business Analyst,86458
EMP0511,Employee_511,Data Analyst,78360
EMP0512,Employee_512,Accountant,76601
EMP0513,Employee_513,Business Analyst,61959
EMP0514,Employee_514,Business Analyst,95607
EMP0515,Employee_515,Accountant,56843
EMP0516,Employee_516,HR Executive,73917
EMP0517,Employee_517,Senior Software Engineer,101079
EMP0518,Employee_518,HR Executive,56977
EMP0519,Employee_519,Business Analyst,87777
EMP0520,Employee_520,Accountant,88317
EMP0521,Employee_521,DevOps Engineer,74809
EMP0522,Employee_522,Business Analyst,61542
EMP0523,Employee_523,HR Executive,46541
EMP0524,Employee_524,HR Executive,37597
EMP0525,Employee_525,Accountant,68724
EMP0526,Employee_526,Software Engineer,116118
EMP0527,Employee_527,Business Analyst,104165
EMP0528,Employee_528,Software Engineer,69586
EMP0529,Employee_529,DevOps Engineer,117419
EMP0530,Employee_530,QA Engineer,105338
EMP0531,Employee_531,Business Analyst,56764
EMP0532,Employee_532,Data Scientist,105003
EMP0533,Employee_533,DevOps Engineer,87172
EMP0534,Employee_534,Project Manager,147424
EMP0535,Employee_535,Business Analyst,65915
EMP0536,Employee_536,Software Engineer,76365
EMP0537,Employee_537,Data Analyst,60365
EMP0538,Employee_538,DevOps Engineer,71792
EMP0539,Employee_539,DevOps Engineer,123476
EMP0540,Employee_540,Senior Software Engineer,109451
EMP0541,Employee_541,Senior Software Engineer,140482
EMP0542,Employee_542,Senior Software Engineer,164896
EMP0543,Employee_543,Data Analyst,72661
EMP0544,Employee_544,Project Manager,156698
EMP0545,Employee_545,Project Manager,144459
EMP0546,Employee_546,Business Analyst,111894
EMP0547,Employee_547,Data Scientist,129871
EMP0548,Employee_548,DevOps Engineer,88958
EMP0549,Employee_549,Accountant,47491
EMP0550,Employee_550,QA Engineer,106616
EMP0551,Employee_551,Data Analyst,96624
EMP0552,Employee_552,Senior Software Engineer,116208
EMP0553,Employee_553,Accountant,57274
EMP0554,Employee_554,DevOps Engineer,105018
EMP0555,Employee_555,Software Engineer,82072
EMP0556,Employee_556,Project Manager,199769
EMP0557,Employee_557,QA Engineer,104178
EMP0558,Employee_558,Data Analyst,69264
EMP0559,Employee_559,DevOps Engineer,133483
EMP0560,Employee_560,HR Executive,51786
EMP0561,Employee_561,DevOps Engineer,169991
EMP0562,Employee_562,DevOps Engineer,119441
EMP0563,Employee_563,Business Analyst,92176
EMP0564,Employee_564,Data Scientist,198552
EMP0565,Employee_565,Data Scientist,144946
EMP0566,Employee_566,Accountant,50306
EMP0567,Employee_567,Accountant,37860
EMP0568,Employee_568,HR Executive,78804
EMP0569,Employee_569,Business Analyst,99968
EMP0570,Employee_570,Accountant,78495
EMP0571,Employee_571,Data Analyst,72461
EMP0572,Employee_572,Software Engineer,61547
EMP0573,Employee_573,DevOps Engineer,147356
EMP0574,Employee_574,HR Executive,36577
EMP0575,Employee_575,Business Analyst,63069
EMP0576,Employee_576,DevOps Engineer,129890
EMP0577,Employee_577,Software Engineer,63894
EMP0578,Employee_578,Accountant,77911
EMP0579,Employee_579,Data Analyst,44903
EMP0580,Employee_580,Business Analyst,84737
EMP0581,Employee_581,HR Executive,70845
EMP0582,Employee_582,Accountant,77587
EMP0583,Employee_583,Senior Software Engineer,123065
EMP0584,Employee_584,DevOps Engineer,119808
EMP0585,Employee_585,HR Executive,71077
EMP0586,Employee_586,Business Analyst,120912
EMP0587,Employee_587,Software Engineer,53968
EMP0588,Employee_588,Data Scientist,152727
EMP0589,Employee_589,Project Manager,119817
EMP0590,Employee_590,Senior Software Engineer,136881
EMP0591,Employee_591,Senior Software Engineer,179663
EMP0592,Employee_592,Senior Software Engineer,138153
EMP0593,Employee_593,Data Analyst,85482
EMP0594,Employee_594,Project Manager,208413
EMP0595,Employee_595,Software Engineer,51028
EMP0596,Employee_596,HR Executive,33677
EMP0597,Employee_597,Project Manager,136984
EMP0598,Employee_598,HR Executive,58225
EMP0599,Employee_599,Data Analyst,56003
EMP0600,Employee_600,DevOps Engineer,124008
EMP0601,Employee_601,QA Engineer,63600
EMP0602,Employee_602,Data Analyst,51473
EMP0603,Employee_603,Senior Software Engineer,159887
EMP0604,Employee_604,Accountant,75613
EMP0605,Employee_605,Data Scientist,135230
EMP0606,Employee_606,QA Engineer,58758
EMP0607,Employee_607,Data Scientist,130443
EMP0608,Employee_608,Project Manager,150236
EMP0609,Employee_609,Project Manager,177404
EMP0610,Employee_610,Software Engineer,105981
EMP0611,Employee_611,Project Manager,178815
EMP0612,Employee_612,DevOps Engineer,90706
EMP0613,Employee_613,Senior Software Engineer,137898
EMP0614,Employee_614,HR Executive,68507
EMP0615,Employee_615,Project Manager,173746
EMP0616,Employee_616,Accountant,80240
EMP0617,Employee_617,Project Manager,149878
EMP0618,Employee_618,Project Manager,116111
EMP0619,Employee_619,Accountant,66667
EMP0620,Employee_620,Senior Software Engineer,111091
EMP0621,Employee_621,Accountant,72481
EMP0622,Employee_622,HR Executive,67670
EMP0623,Employee_623,Project Manager,181655
EMP0624,Employee_624,Project Manager,92875
EMP0625,Employee_625,Accountant,52988
EMP0626,Employee_626,Software Engineer,119177
EMP0627,Employee_627,Software Engineer,110107
EMP0628,Employee_628,Project Manager,191677
EMP0629,Employee_629,Data Scientist,149569
EMP0630,Employee_630,HR Executive,44352
EMP0631,Employee_631,Data Scientist,151381
EMP0632,Employee_632,Project Manager,178835
EMP0633,Employee_633,Data Analyst,81172
EMP0634,Employee_634,Senior Software Engineer,162242
EMP0635,Employee_635,Software Engineer,85492
EMP0636,Employee_636,Business Analyst,54373
EMP0637,Employee_637,QA Engineer,87823
EMP0638,Employee_638,Data Analyst,45906
EMP0639,Employee_639,Project Manager,132823
EMP0640,Employee_640,Accountant,46510
EMP0641,Employee_641,Data Scientist,87322
EMP0642,Employee_642,DevOps Engineer,117953
EMP0643,Employee_643,DevOps Engineer,135771
EMP0644,Employee_644,Project Manager,198851
EMP0645,Employee_645,Data Analyst,56840
EMP0646,Employee_646,Business Analyst,88684
EMP0647,Employee_647,HR Executive,37547
EMP0648,Employee_648,Business Analyst,59869
EMP0649,Employee_649,Data Analyst,89424
EMP0650,Employee_650,Data Scientist,182740
EMP0651,Employee_651,Accountant,87729
EMP0652,Employee_652,DevOps Engineer,117942
EMP0653,Employee_653,Senior Software Engineer,131717
EMP0654,Employee_654,Software Engineer,79663
EMP0655,Employee_655,DevOps Engineer,86199
EMP0656,Employee_656,Business Analyst,98311
EMP0657,Employee_657,Project Manager,166619
EMP0658,Employee_658,Accountant,88897
EMP0659,Employee_659,HR Executive,37100
EMP0660,Employee_660,Data Scientist,131797
EMP0661,Employee_661,Software Engineer,118584
EMP0662,Employee_662,HR Executive,69982
EMP0663,Employee_663,Data Scientist,154889
EMP0664,Employee_664,Senior Software Engineer,163283
EMP0665,Employee_665,Business Analyst,89608
EMP0666,Employee_666,Accountant,42646
EMP0667,Employee_667,Data Analyst,42971
EMP0668,Employee_668,Software Engineer,84893
EMP0669,Employee_669,Business Analyst,65220
EMP0670,Employee_670,Senior Software Engineer,110775
EMP0671,Employee_671,DevOps Engineer,87781
EMP0672,Employee_672,Accountant,64729
EMP0673,Employee_673,HR Executive,73940
EMP0674,Employee_674,DevOps Engineer,124935
EMP0675,Employee_675,QA Engineer,60253
EMP0676,Employee_676,Accountant,77920
EMP0677,Employee_677,Senior Software Engineer,144139
EMP0678,Employee_678,QA Engineer,93492
EMP0679,Employee_679,Project Manager,94288
EMP0680,Employee_680,HR Executive,44238
EMP0681,Employee_681,Business Analyst,108287
EMP0682,Employee_682,Data Scientist,182125
EMP0683,Employee_683,HR Executive,36511
EMP0684,Employee_684,HR Executive,65682
EMP0685,Employee_685,HR Executive,33968
EMP0686,Employee_686,Accountant,53080
EMP0687,Employee_687,Data Scientist,196904
EMP0688,Employee_688,Senior Software Engineer,139600
EMP0689,Employee_689,Senior Software Engineer,166870
EMP0690,Employee_690,Data Scientist,154109
EMP0691,Employee_691,QA Engineer,42799
EMP0692,Employee_692,Software Engineer,88713
EMP0693,Employee_693,Data Scientist,199606
EMP0694,Employee_694,Data Analyst,91575
EMP0695,Employee_695,QA Engineer,66896
EMP0696,Employee_696,Senior Software Engineer,152641
EMP0697,Employee_697,Data Scientist,146858
EMP0698,Employee_698,Data Scientist,176568
EMP0699,Employee_699,Data Scientist,113064
EMP0700,Employee_700,Data Analyst,91684
EMP0701,Employee_701,QA Engineer,40371
EMP0702,Employee_702,Project Manager,202513
EMP0703,Employee_703,Data Analyst,48519
EMP0704,Employee_704,DevOps Engineer,102853
EMP0705,Employee_705,Data Analyst,47204
EMP0706,Employee_706,Software Engineer,62275
EMP0707,Employee_707,Software Engineer,91955
EMP0708,Employee_708,Data Scientist,147182
EMP0709,Employee_709,HR Executive,31034
EMP0710,Employee_710,Data Analyst,57391
EMP0711,Employee_711,Software Engineer,61614
EMP0712,Employee_712,Accountant,69477
EMP0713,Employee_713,Senior Software Engineer,177735
EMP0714,Employee_714,Senior Software Engineer,142422
EMP0715,Employee_715,Business Analyst,97453
EMP0716,Employee_716,DevOps Engineer,147812
EMP0717,Employee_717,Senior Software Engineer,139245
EMP0718,Employee_718,DevOps Engineer,99038
EMP0719,Employee_719,QA Engineer,45683
EMP0720,Employee_720,DevOps Engineer,109535
EMP0721,Employee_721,Business Analyst,134323
EMP0722,Employee_722,Software Engineer,52972
EMP0723,Employee_723,Business Analyst,102640
EMP0724,Employee_724,Accountant,79964
EMP0725,Employee_725,Senior Software Engineer,144260
EMP0726,Employee_726,Business Analyst,59632
EMP0727,Employee_727,Senior Software Engineer,122219
EMP0728,Employee_728,QA Engineer,59442
EMP0729,Employee_729,Senior Software Engineer,96540
EMP0730,Employee_730,Project Manager,171830
EMP0731,Employee_731,QA Engineer,82622
EMP0732,Employee_732,Accountant,74150
EMP0733,Employee_733,DevOps Engineer,108652
EMP0734,Employee_734,Business Analyst,116263
EMP0735,Employee_735,QA Engineer,96387
EMP0736,Employee_736,Senior Software Engineer,171983
EMP0737,Employee_737,Senior Software Engineer,165814
EMP0738,Employee_738,DevOps Engineer,164481
EMP0739,Employee_739,Data Scientist,126370
EMP0740,Employee_740,Business Analyst,79949
EMP0741,Employee_741,Accountant,57212
EMP0742,Employee_742,Business Analyst,102262
EMP0743,Employee_743,Accountant,82815
EMP0744,Employee_744,Senior Software Engineer,120966
EMP0745,Employee_745,Accountant,55481
EMP0746,Employee_746,Project Manager,139060
EMP0747,Employee_747,Data Analyst,85011
EMP0748,Employee_748,Business Analyst,58799
EMP0749,Employee_749,Senior Software Engineer,91188
EMP0750,Employee_750,Senior Software Engineer,136606
EMP0751,Employee_751,Senior Software Engineer,177594
EMP0752,Employee_752,HR Executive,38527
EMP0753,Employee_753,DevOps Engineer,77861
EMP0754,Employee_754,QA Engineer,83207
EMP0755,Employee_755,Senior Software Engineer,133845
EMP0756,Employee_756,HR Executive,73603
EMP0757,Employee_757,Accountant,82255
EMP0758,Employee_758,Software Engineer,82700
EMP0759,Employee_759,QA Engineer,80953
EMP0760,Employee_760,HR Executive,36789
EMP0761,Employee_761,QA Engineer,106507
EMP0762,Employee_762,Data Scientist,90280
EMP0763,Employee_763,Business Analyst,79392
EMP0764,Employee_764,Senior Software Engineer,125890
EMP0765,Employee_765,DevOps Engineer,118176
EMP0766,Employee_766,Senior Software Engineer,179956
EMP0767,Employee_767,Project Manager,165248
EMP0768,Employee_768,Data Scientist,175804
EMP0769,Employee_769,Accountant,71763
EMP0770,Employee_770,QA Engineer,43441
EMP0771,Employee_771,QA Engineer,75054
EMP0772,Employee_772,Software Engineer,68647
EMP0773,Employee_773,Project Manager,182104
EMP0774,Employee_774,Project Manager,210787
EMP0775,Employee_775,HR Executive,53004
EMP0776,Employee_776,Software Engineer,68777
EMP0777,Employee_777,Data Analyst,77114
EMP0778,Employee_778,Accountant,39560
EMP0779,Employee_779,Data Analyst,88560
EMP0780,Employee_780,Software Engineer,57026
EMP0781,Employee_781,DevOps Engineer,98197
EMP0782,Employee_782,Accountant,62514
EMP0783,Employee_783,Business Analyst,94681
EMP0784,Employee_784,Data Analyst,64251
EMP0785,Employee_785,Project Manager,184581
EMP0786,Employee_786,HR Executive,67197
EMP0787,Employee_787,QA Engineer,51135
EMP0788,Employee_788,Software Engineer,65392
EMP0789,Employee_789,Data Analyst,89442
EMP0790,Employee_790,QA Engineer,46522
EMP0791,Employee_791,Senior Software Engineer,115665
EMP0792,Employee_792,Business Analyst,136761
EMP0793,Employee_793,Accountant,66828
EMP0794,Employee_794,QA Engineer,97939
EMP0795,Employee_795,Accountant,52902
EMP0796,Employee_796,Data Scientist,168951
EMP0797,Employee_797,DevOps Engineer,84918
EMP0798,Employee_798,HR Executive,58174
EMP0799,Employee_799,Senior Software Engineer,117125
EMP0800,Employee_800,QA Engineer,103783
EMP0801,Employee_801,DevOps Engineer,157442
EMP0802,Employee_802,Project Manager,95952
EMP0803,Employee_803,Data Scientist,121807
EMP0804,Employee_804,QA Engineer,47180
EMP0805,Employee_805,Software Engineer,71794
EMP0806,Employee_806,Project Manager,213905
EMP0807,Employee_807,Data Scientist,170578
EMP0808,Employee_808,Data Analyst,90080
EMP0809,Employee_809,Project Manager,127938
EMP0810,Employee_810,HR Executive,37863
EMP0811,Employee_811,Software Engineer,110193
EMP0812,Employee_812,Accountant,46514
EMP0813,Employee_813,Data Analyst,64917
EMP0814,Employee_814,DevOps Engineer,162231
EMP0815,Employee_815,Data Scientist,135570
EMP0816,Employee_816,DevOps Engineer,179229
EMP0817,Employee_817,HR Executive,34723
EMP0818,Employee_818,Accountant,83630
EMP0819,Employee_819,Software Engineer,102176
EMP0820,Employee_820,Software Engineer,105260
EMP0821,Employee_821,Senior Software Engineer,121033
EMP0822,Employee_822,QA Engineer,96267
EMP0823,Employee_823,QA Engineer,93008
EMP0824,Employee_824,Accountant,53973
EMP0825,Employee_825,Senior Software Engineer,133088
EMP0826,Employee_826,Software Engineer,87568
EMP0827,Employee_827,Data Analyst,92515
EMP0828,Employee_828,QA Engineer,100305
EMP0829,Employee_829,HR Executive,35775
EMP0830,Employee_830,Accountant,41937
EMP0831,Employee_831,Data Scientist,127104
EMP0832,Employee_832,QA Engineer,92487
EMP0833,Employee_833,DevOps Engineer,80308
EMP0834,Employee_834,Accountant,55334
EMP0835,Employee_835,HR Executive,44520
EMP0836,Employee_836,HR Executive,41018
EMP0837,Employee_837,Senior Software Engineer,146910
EMP0838,Employee_838,Senior Software Engineer,149547
EMP0839,Employee_839,DevOps Engineer,95415
EMP0840,Employee_840,HR Executive,53009
EMP0841,Employee_841,Data Analyst,55484
EMP0842,Employee_842,Senior Software Engineer,99194
EMP0843,Employee_843,Project Manager,115856
EMP0844,Employee_844,Data Analyst,79478
EMP0845,Employee_845,Data Analyst,89821
EMP0846,Employee_846,Senior Software Engineer,103218
EMP0847,Employee_847,Business Analyst,110811
EMP0848,Employee_848,QA Engineer,98838
EMP0849,Employee_849,QA Engineer,82363
EMP0850,Employee_850,HR Executive,39893
EMP0851,Employee_851,Business Analyst,58950
EMP0852,Employee_852,Business Analyst,107961
EMP0853,Employee_853,Project Manager,194376
EMP0854,Employee_854,Project Manager,167518
EMP0855,Employee_855,Software Engineer,91129
EMP0856,Employee_856,DevOps Engineer,79724
EMP0857,Employee_857,Project Manager,150521
EMP0858,Employee_858,Business Analyst,54929
EMP0859,Employee_859,Software Engineer,93331
EMP0860,Employee_860,Project Manager,100057
EMP0861,Employee_861,Senior Software Engineer,160610
EMP0862,Employee_862,QA Engineer,106462
EMP0863,Employee_863,Accountant,65324
EMP0864,Employee_864,QA Engineer,45376
EMP0865,Employee_865,Business Analyst,124928
EMP0866,Employee_866,Data Scientist,112143
EMP0867,Employee_867,QA Engineer,102341
EMP0868,Employee_868,DevOps Engineer,89773
EMP0869,Employee_869,Software Engineer,104050
EMP0870,Employee_870,Senior Software Engineer,125015
EMP0871,Employee_871,Senior Software Engineer,146132
EMP0872,Employee_872,Data Analyst,42565
EMP0873,Employee_873,Data Scientist,162749
EMP0874,Employee_874,Business Analyst,107595
EMP0875,Employee_875,DevOps Engineer,138517
EMP0876,Employee_876,QA Engineer,60807
EMP0877,Employee_877,HR Executive,54435
EMP0878,Employee_878,Project Manager,140779
EMP0879,Employee_879,Accountant,85755
EMP0880,Employee_880,HR Executive,74492
EMP0881,Employee_881,QA Engineer,46863
EMP0882,Employee_882,HR Executive,34319
EMP0883,Employee_883,HR Executive,36193
EMP0884,Employee_884,DevOps Engineer,158916
EMP0885,Employee_885,Accountant,53621
EMP0886,Employee_886,Project Manager,184861
EMP0887,Employee_887,QA Engineer,59709
EMP0888,Employee_888,HR Executive,35341
EMP0889,Employee_889,QA Engineer,58537
EMP0890,Employee_890,HR Executive,50331
EMP0891,Employee_891,Accountant,43450
EMP0892,Employee_892,QA Engineer,51104
EMP0893,Employee_893,Project Manager,163259
EMP0894,Employee_894,Accountant,77171
EMP0895,Employee_895,HR Executive,38375
EMP0896,Employee_896,DevOps Engineer,82249
EMP0897,Employee_897,Accountant,68324
EMP0898,Employee_898,HR Executive,31194
EMP0899,Employee_899,HR Executive,50241
EMP0900,Employee_900,Data Analyst,54037
EMP0901,Employee_901,HR Executive,61868
EMP0902,Employee_902,Data Scientist,99693
EMP0903,Employee_903,Data Analyst,50154
EMP0904,Employee_904,Senior Software Engineer,118770
EMP0905,Employee_905,Senior Software Engineer,146543
EMP0906,Employee_906,DevOps Engineer,179460
EMP0907,Employee_907,DevOps Engineer,74947
EMP0908,Employee_908,HR Executive,70503
EMP0909,Employee_909,Data Analyst,79141
EMP0910,Employee_910,Accountant,45109
EMP0911,Employee_911,Data Analyst,51851
EMP0912,Employee_912,QA Engineer,61697
EMP0913,Employee_913,Business Analyst,55726
EMP0914,Employee_914,Accountant,58874
EMP0915,Employee_915,Data Scientist,197085
EMP0916,Employee_916,Business Analyst,130031
EMP0917,Employee_917,Project Manager,188617
EMP0918,Employee_918,Business Analyst,80671
EMP0919,Employee_919,DevOps Engineer,101348
EMP0920,Employee_920,Project Manager,216562
EMP0921,Employee_921,Business Analyst,75430
EMP0922,Employee_922,HR Executive,74453
EMP0923,Employee_923,QA Engineer,97749
EMP0924,Employee_924,Business Analyst,86932
EMP0925,Employee_925,Accountant,67958
EMP0926,Employee_926,DevOps Engineer,124874
EMP0927,Employee_927,Data Analyst,93535
EMP0928,Employee_928,Data Scientist,175022
EMP0929,Employee_929,QA Engineer,58140
EMP0930,Employee_930,Project Manager,96839
EMP0931,Employee_931,Business Analyst,98655
EMP0932,Employee_932,DevOps Engineer,83446
EMP0933,Employee_933,DevOps Engineer,86341
EMP0934,Employee_934,Project Manager,100993
EMP0935,Employee_935,Data Analyst,57877
EMP0936,Employee_936,Business Analyst,117286
EMP0937,Employee_937,Data Analyst,94463
EMP0938,Employee_938,Accountant,41010
EMP0939,Employee_939,Data Scientist,177046
EMP0940,Employee_940,Business Analyst,95820
EMP0941,Employee_941,Software Engineer,99381
EMP0942,Employee_942,Software Engineer,96964
EMP0943,Employee_943,DevOps Engineer,119015
EMP0944,Employee_944,Data Scientist,120615
EMP0945,Employee_945,Senior Software Engineer,129140
EMP0946,Employee_946,Data Scientist,73694
EMP0947,Employee_947,HR Executive,36493
EMP0948,Employee_948,HR Executive,39571
EMP0949,Employee_949,Data Analyst,42510
EMP0950,Employee_950,Project Manager,210244
EMP0951,Employee_951,Business Analyst,68191
EMP0952,Employee_952,Business Analyst,108799
EMP0953,Employee_953,QA Engineer,40688
EMP0954,Employee_954,Senior Software Engineer,82490
EMP0955,Employee_955,Project Manager,118266
EMP0956,Employee_956,Data Analyst,75966
EMP0957,Employee_957,QA Engineer,109176
EMP0958,Employee_958,Accountant,42286
EMP0959,Employee_959,Project Manager,121147
EMP0960,Employee_960,Project Manager,105970
EMP0961,Employee_961,Software Engineer,76252
EMP0962,Employee_962,Accountant,76874
EMP0963,Employee_963,QA Engineer,99914
EMP0964,Employee_964,Senior Software Engineer,94530
EMP0965,Employee_965,Business Analyst,128215
EMP0966,Employee_966,DevOps Engineer,72154
EMP0967,Employee_967,DevOps Engineer,145372
EMP0968,Employee_968,Data Scientist,164181
EMP0969,Employee_969,Data Analyst,59088
EMP0970,Employee_970,Accountant,35102
EMP0971,Employee_971,QA Engineer,86244
EMP0972,Employee_972,Data Scientist,144798
EMP0973,Employee_973,Accountant,47275
EMP0974,Employee_974,Senior Software Engineer,148614
EMP0975,Employee_975,HR Executive,34435
EMP0976,Employee_976,DevOps Engineer,141313
EMP0977,Employee_977,DevOps Engineer,173076
EMP0978,Employee_978,DevOps Engineer,142633
EMP0979,Employee_979,Software Engineer,96177
EMP0980,Employee_980,Business Analyst,55706
EMP0981,Employee_981,Accountant,59464
EMP0982,Employee_982,Project Manager,187952
EMP0983,Employee_983,Software Engineer,91805
EMP0984,Employee_984,Senior Software Engineer,125193
EMP0985,Employee_985,Data Scientist,166068
EMP0986,Employee_986,Senior Software Engineer,156271
EMP0987,Employee_987,HR Executive,38743
EMP0988,Employee_988,Software Engineer,91176
EMP0989,Employee_989,DevOps Engineer,114374
EMP0990,Employee_990,Data Analyst,94420
EMP0991,Employee_991,Business Analyst,112722
EMP0992,Employee_992,Data Analyst,93182
EMP0993,Employee_993,Data Analyst,44135
EMP0994,Employee_994,Business Analyst,54847
EMP0995,Employee_995,Project Manager,116422
EMP0996,Employee_996,Software Engineer,71144
EMP0997,Employee_997,Software Engineer,86365
EMP0998,Employee_998,Project Manager,157552
EMP0999,Employee_999,Accountant,88438
EMP1000,Employee_1000,DevOps Engineer,132049
